Land_use,Land_use_code,Years,Species diversity (H'),Functional diversity (Rao's Q),Aboveground biomass (g . m-2),SD_Species diversity,SD_Functional diversity,SD_Aboveground biomass
No-grazing,NG,Wet-year,1.60,0.31,276.89,0.12,0.02,22.26
No-grazing,NG,Dry-year,0.96,0.21,293.45,0.28,0.04,63.61
Light-grazing,LG,Wet-year,0.96,0.20,212.10,0.18,0.06,107.56
Light-grazing,LG,Dry-year,1.21,0.28,155.85,0.03,0.01,57.18
Moderate-grazing,MG,Wet-year,1.58,0.29,311.49,0.18,0.04,87.08
Moderate-grazing,MG,Dry-year,0.83,0.21,89.34,0.02,0.02,20.81
