Land_use,Land_use_code,Years,Species richness (no . species . m-2),Stand density (no . plants . m-2),Canopy height (cm),SD_Species richness,SD_Stand density,SD_Canopy height 
No-grazing,NG,Wet-year,11.73,197.60,33.79,0.84,18.80,1.75
No-grazing,NG,Dry-year,7.53,347.03,42.90,2.76,9.26,1.46
Light-grazing,LG,Wet-year,9.27,372.90,26.23,1.70,190.38,1.40
Light-grazing,LG,Dry-year,5.87,117.77,35.38,0.32,22.14,14.69
Moderate-grazing,MG,Wet-year,12.47,635.00,24.02,1.36,295.06,2.45
Moderate-grazing,MG,Dry-year,6.13,407.70,28.48,0.70,118.02,7.97
