Land_use,Land_use_code,Years,PB (%),PR (%),PF (%),AB (%),SD_PB,SD_PR,SD_PF,SD_AB
No-grazing,NG,Wet-year,21.04,8.66,40.91,27.62,1.71,0.56,4.69,5.32
No-grazing,NG,Dry-year,29.26,15.90,52.11,20.12,5.35,7.91,9.16,12.27
Light-grazing,LG,Wet-year,24.20,11.45,31.85,33.09,2.01,2.76,5.16,10.38
Light-grazing,LG,Dry-year,42.37,17.51,36.67,17.63,5.55,1.17,2.74,7.26
Moderate-grazing,MG,Wet-year,18.00,8.21,27.46,46.34,4.43,0.95,6.74,1.63
Moderate-grazing,MG,Dry-year,39.68,17.03,32.05,21.57,8.47,1.99,2.72,4.19
